scope,task,split,model,n,coverage_own,auc,avg_precision,brier,mae_frac,mae_mw,energy_true_gwh,energy_pred_gwh
all,classification,valid,persistence_D-1,345150,0.9992108585858586,0.8257785315833925,0.7486483108151145,0.1735100680863393,,,,
all,classification,valid,persistence_D-7,345150,0.99447601010101,0.7885291063145188,0.7011745129446373,0.2115949587136028,,,,
all,classification,valid,climatology,345150,0.907907196969697,0.8919602282702144,0.8567970684466575,0.15997177138351693,,,,
all,classification,valid,lightgbm_calendar_lags,345150,1.0,0.9353490915224687,0.9236957195882103,0.10870980417381475,,,,
all,classification,valid,lightgbm_+system,345150,1.0,0.9460250999617175,0.9383880544625426,0.10030419476996114,,,,
all,classification,valid,lightgbm_+plan,345150,1.0,0.9472759312248812,0.9373156410230014,0.09862221455949165,,,,
all,classification,valid,lightgbm_+oracle,345150,1.0,0.9544647779797363,0.9460681330838056,0.08926645122108814,,,,
with_plan,classification,valid,ons_plan_D-1,272137,0.7778224957912457,0.7830628811169148,0.8126448296267645,0.4139127861839715,,,,
with_plan,classification,valid,persistence_D-1,272137,0.9992108585858586,0.7809970166985404,0.7696833836640476,0.21367913955103496,,,,
with_plan,classification,valid,persistence_D-7,272137,0.99447601010101,0.7301802840587609,0.725069729363607,0.26059668475804465,,,,
with_plan,classification,valid,climatology,272137,0.907907196969697,0.834334429481601,0.8578750930085455,0.19712209464423464,,,,
with_plan,classification,valid,lightgbm_calendar_lags,272137,1.0,0.9005140717173161,0.9239045261271879,0.13400642019921513,,,,
with_plan,classification,valid,lightgbm_+system,272137,1.0,0.9171049061513014,0.9386797063975871,0.12360689632628306,,,,
with_plan,classification,valid,lightgbm_+plan,272137,1.0,0.9191293951031176,0.9376789676111446,0.12148445288293859,,,,
with_plan,classification,valid,lightgbm_+oracle,272137,1.0,0.9300495070961954,0.9463520306315144,0.10996748698531919,,,,
all,classification,test,persistence_D-1,402960,0.9993102972618801,0.8346924349901251,0.7739668012170181,0.1652198729402422,,,,
all,classification,test,persistence_D-7,402960,0.9951720808331609,0.8162763006385786,0.7550396687247394,0.18337055787174905,,,,
all,classification,test,climatology,402960,0.9264087178426098,0.9164321044663988,0.8976024944053258,0.13588342507651657,,,,
all,classification,test,lightgbm_calendar_lags,402960,1.0,0.9379762598175962,0.9310326365735131,0.10370800226210891,,,,
all,classification,test,lightgbm_+system,402960,1.0,0.9413629587541619,0.9342905635357701,0.1019821649309588,,,,
all,classification,test,lightgbm_+plan,402960,1.0,0.9441945309453053,0.9393130828122613,0.10038551995071773,,,,
all,classification,test,lightgbm_+oracle,402960,1.0,0.9465907380070645,0.9427617946474216,0.09818681203710371,,,,
with_plan,classification,test,ons_plan_D-1,307710,0.755399222934915,0.7873745599957327,0.8446142787293528,0.4380580989598443,,,,
with_plan,classification,test,persistence_D-1,307710,0.9993102972618801,0.7762137129532084,0.7992032592499022,0.20943095771993112,,,,
with_plan,classification,test,persistence_D-7,307710,0.9951720808331609,0.7555675572353502,0.7844391186441999,0.23294335575704397,,,,
with_plan,classification,test,climatology,307710,0.9264087178426098,0.8564187301260417,0.8988961227816084,0.1732842638662407,,,,
with_plan,classification,test,lightgbm_calendar_lags,307710,1.0,0.8933133088350397,0.9321825626577367,0.1316075959157583,,,,
with_plan,classification,test,lightgbm_+system,307710,1.0,0.899162148564194,0.9354181862183372,0.12941992493145185,,,,
with_plan,classification,test,lightgbm_+plan,307710,1.0,0.9040652006335373,0.9403063423853886,0.1274143648210837,,,,
with_plan,classification,test,lightgbm_+oracle,307710,1.0,0.908211203110903,0.9437217950766829,0.12456258468039232,,,,
all,regression,valid,persistence_D-1,251775,0.9788775272337598,,,,0.1626205360657507,29.47603606829866,5154.248470021702,5054.732879192803
all,regression,valid,persistence_D-7,251775,0.9659869389288809,,,,0.1827105388299727,31.69570685653274,5154.248470021702,5029.893976311678
all,regression,valid,climatology,251775,0.9167661149750016,,,,0.16916248408363924,29.51790807369792,5154.248470021702,3807.60228491194
all,regression,valid,lightgbm_calendar_lags,251775,1.0,,,,0.14432413912110229,24.143431843440812,5154.248470021702,4725.888739394205
all,regression,valid,lightgbm_+system,251775,1.0,,,,0.13384297394869507,22.563452999629458,5154.248470021702,4621.0240180952305
all,regression,valid,lightgbm_+plan,251775,1.0,,,,0.1292585196684273,21.617598996141506,5154.248470021702,4666.502075904653
all,regression,valid,lightgbm_+oracle,251775,1.0,,,,0.11706650589294243,20.24507882615822,5154.248470021702,4792.433573591999
with_plan,regression,valid,ons_plan_D-1,248799,0.9722391351998302,,,,0.1464019070160787,26.368472726509847,5149.794988056857,2890.2260334465923
with_plan,regression,valid,persistence_D-1,248799,0.9788775272337598,,,,0.16309998591601627,29.799272929710273,5149.794988056857,5051.565829581178
with_plan,regression,valid,persistence_D-7,248799,0.9659869389288809,,,,0.18322029164601228,32.03792719573941,5149.794988056857,5026.318782334677
with_plan,regression,valid,climatology,248799,0.9167661149750016,,,,0.16921157885143706,29.828634971598117,5149.794988056857,3803.3271488285754
with_plan,regression,valid,lightgbm_calendar_lags,248799,1.0,,,,0.14420221589783233,24.396699482748023,5149.794988056857,4721.81970347859
with_plan,regression,valid,lightgbm_+system,248799,1.0,,,,0.1336894880355581,22.800158463643452,5149.794988056857,4616.990164844715
with_plan,regression,valid,lightgbm_+plan,248799,1.0,,,,0.1290485858192054,21.842069761697026,5149.794988056857,4662.521870769241
with_plan,regression,valid,lightgbm_+oracle,248799,1.0,,,,0.11682171668091662,20.455989195117233,5149.794988056857,4788.508211711472
all,regression,test,persistence_D-1,290225,0.981886498612596,,,,0.20305772075226305,36.95825716549149,6555.058724873547,6442.708265442412
all,regression,test,persistence_D-7,290225,0.9717915124248361,,,,0.1974580267653857,34.928407395106454,6555.058724873547,6184.09473363396
all,regression,test,climatology,290225,0.9297275249825416,,,,0.19193322494600437,33.073330733653926,6555.058724873547,4401.032080038193
all,regression,test,lightgbm_calendar_lags,290225,1.0,,,,0.16500948460328457,27.96954102900796,6555.058724873547,5959.311595572406
all,regression,test,lightgbm_+system,290225,1.0,,,,0.15818685283261505,27.002065544320534,6555.058724873547,6278.067841001692
all,regression,test,lightgbm_+plan,290225,1.0,,,,0.15349547834429775,25.913631387188495,6555.058724873547,6071.808943965459
all,regression,test,lightgbm_+oracle,290225,1.0,,,,0.14202351528527415,24.520381530113745,6555.058724873547,6366.413502651049
with_plan,regression,test,ons_plan_D-1,285789,0.9715875733099318,,,,0.16359861117839075,28.396146883862738,6540.306453854789,3887.4196898159285
with_plan,regression,test,persistence_D-1,285789,0.981886498612596,,,,0.20478215487930695,37.435153738362054,6540.306453854789,6435.155375991215
with_plan,regression,test,persistence_D-7,285789,0.9717915124248361,,,,0.19899684761039105,35.391389107584104,6540.306453854789,6172.873471684525
with_plan,regression,test,climatology,285789,0.9297275249825416,,,,0.1933547695086079,33.512140764124325,6540.306453854789,4394.178138988862
with_plan,regression,test,lightgbm_calendar_lags,285789,1.0,,,,0.16610839937679267,28.32352191424347,6540.306453854789,5951.740671402143
with_plan,regression,test,lightgbm_+system,285789,1.0,,,,0.1593418178998922,27.34668243159864,6540.306453854789,6271.138006899742
with_plan,regression,test,lightgbm_+plan,285789,1.0,,,,0.1545664996107051,26.240890833041735,6540.306453854789,6064.713366571611
with_plan,regression,test,lightgbm_+oracle,285789,1.0,,,,0.14309180600177104,24.831240794631217,6540.306453854789,6358.876345112983
