config,auc,avg_precision,brier,mae_frac,mae_mw,energy_true_gwh,energy_pred_gwh
base,0.9437217704872796,0.938000890481498,0.1003198308630181,0.1506821638755866,24.669394543361634,6899.64005626373,6425.899419937845
core,0.9426740466263984,0.9376223636536134,0.1019711467828956,0.1501356259482275,24.62191147745377,6899.64005626373,6497.964305556349
core_recency,0.9437625256022596,0.938225471463229,0.0999604048487416,0.1500797647641184,24.78691647924601,6899.64005626373,6549.1610950127415
core_recency_wx,0.9441347132120238,0.93845590191597,0.0995407887622426,0.1503318914029122,24.71032698890902,6899.64005626373,6423.112549810337
d2_recency,0.9272166077819384,0.9167028905886732,0.1151441671721548,0.1719604177215418,28.291516450098083,6899.64005626373,5960.142458262736
d2_recency_wx,0.9357612909149792,0.9275262791037576,0.1164710142887495,0.1584808154506313,26.682316207520547,6899.64005626373,5381.535807262093
core_recency_wx_cmo,0.944918703435837,0.9396875198869572,0.0996937624665999,0.1491087001980689,24.582639605569735,6899.64005626373,6421.195784774842
wind_base,0.926628666285651,0.904050219708029,0.10556301141973325,0.131845902092609,11.877913868715547,13244.883732026283,11410.691973786468
wind_core_recency_wx_cmo,0.9307067063294965,0.9088646376286333,0.10290427944276269,0.127389197402287,11.512010150040178,13244.883732026283,11346.83984685597
wind_d2_recency_wx_cmo,0.9125456332873962,0.88541865107579,0.11930755261237427,0.13879209680328664,12.7401780336445,13244.883732026283,10189.341699429056
