config,clf,reg,occ,size,auc,avg_precision,brier,mae_frac,mae_mw,energy_bias_pct,energy_true_gwh,energy_pred_gwh
base,99,73.0,,,0.9443,0.9324,0.1111,0.1271,20.7471,-14.0642,,
lit,251,81.0,,,0.9422,0.9299,0.1177,0.1245,20.5849,-17.5983,,
hurdle,251,,94.0,118.0,0.9422,0.9299,0.1177,0.1229,20.4441,-17.1589,,
recency,138,78.0,,,0.9429,0.9296,0.113,0.1242,20.275,-14.1458,,
l1,251,235.0,,,0.9422,0.9299,0.1177,0.1185,20.2267,-25.5656,,
base_recency,104,64.0,,,0.9434571688601924,0.9310082495259924,0.1117542764956413,0.1304401178690831,21.07632512832852,,5437.921632963944,4650.994602480534
core,125,108.0,,,0.9436233977028388,0.9318745845791238,0.1098563895730341,0.1233659205067887,20.372832221430286,,5437.921632963944,4585.0514968279385
core_recency,102,87.0,,,0.9427270640741202,0.9297133654426888,0.1100066140680156,0.1246547492864578,20.430997601439664,,5437.921632963944,4693.571755413033
core_recency_hurdle,102,,88.0,128.0,0.9427270640741202,0.9297133654426888,0.1100066140680156,0.1241799471855604,20.52287428154852,,5437.921632963944,4586.50916997684
core_recency_wx,122,75.0,,,0.9452335230068244,0.9328745239070748,0.1082892966122402,0.1255560689027665,20.41848576356022,,5437.921632963944,4758.4511811950615
d2_recency,95,76.0,,,0.9133946921898698,0.8960823654973991,0.1414137705957253,0.1532508143711558,25.5253808086799,,5437.921632963944,4180.894133326439
d2_recency_wx,357,75.0,,,0.9300835968735286,0.9183713918517216,0.1353756946469399,0.141397995850039,23.615036052537185,,5437.921632963944,4460.270679120915
core_recency_wx_cmo,116,80.0,,,0.9449003142885462,0.93143982807974,0.107616181484006,0.1251913384874817,20.38308965343105,,5437.921632963944,4825.341825142942
wind_base,147,86.0,,,0.942078714581702,0.935222968242713,0.10908707181527125,0.1338993985135267,13.869837840455522,,15676.47913838029,11143.766154971097
wind_core_recency,141,106.0,,,0.9452122072931948,0.9366599477199137,0.10341663708753954,0.1310356879224298,13.683715788864012,,15676.47913838029,10768.742872786026
wind_core_recency_wx_cmo,142,101.0,,,0.9477085779163342,0.9404490348081116,0.10573318263870983,0.130124291680754,13.578075751679531,,15676.47913838029,11061.055997542526
wind_d2_recency_wx_cmo,72,61.0,,,0.9315180387012005,0.9219334080273075,0.12330253234160891,0.1520136107150348,15.730184384171558,,15676.47913838029,10679.526119577751
