,0
lag1d_is_curtailed,0.3358803964875395
sin_vre_share_forecast,0.1883701041760392
lag7d_is_curtailed,0.06127552298341065
plan_cut_mw,0.049160315030953354
plan_cut_frac,0.02756250955954763
lag1d_sys_curtailed_frac,0.026969044619438595
sin_net_load_forecast,0.024734012584996596
doy,0.023873306079639788
dow,0.023177568884846168
plan_sub_solar_cut_frac,0.02285386607679959
id_ons,0.01829416910725347
hour,0.018230701544012032
sys_roll7d_curtailed_frac,0.01738194384944033
lag1d_sin_net_load_verified,0.016567405311718856
lag1d_sys_share_curtailed,0.0156002718543243
plan_sin_hydro_programmed,0.011882748017250665
sub_solar_forecast,0.011161225355263739
sub_load_programmed,0.00828982104511364
sub_net_load_forecast,0.007393590004321826
sin_load_programmed,0.007044901373555048
plan_sub_thermal_programmed,0.006585902628350477
sub_vre_share_forecast,0.006239680219753352
lag7d_curtailed_frac,0.005633999824151748
plan_sin_wind_cut_frac,0.0055304153036657274
plan_sub_hydro_programmed,0.00536280136949335
plan_sin_thermal_programmed,0.005360512924408086
lag1d_sub_net_load_verified,0.004994252027013167
plan_sin_solar_cut_frac,0.004963598858535406
roll7d_curtailed_frac,0.004560303855629456
lag1d_sin_wind_verified,0.004369124699812567
lag1d_sin_load_verified,0.004038283800202534
sin_wind_forecast,0.003964526090010047
sin_solar_forecast,0.0034377694865009856
sub_solar_distributed_programmed,0.00333615816967714
lag1d_curtailed_frac,0.003073578506668981
lag1d_sub_wind_verified,0.0030451213803228015
month,0.002670585152588212
lag1d_sub_load_verified,0.001530116009470498
is_weekend,0.00128459059784855
uf,0.0011363641978590414
plan_sub_wind_cut_frac,0.0010106889460561664
sub_wind_forecast,0.0008495474990144711
sin_solar_distributed_programmed,0.0004701342786895944
lon,0.00032006467286136385
is_holiday,0.0003194895049853682
lat,0.00020896605096599175
plan_programmed_mw,0.0
conn_voltage_kv,0.0
capacity_mw_est,0.0
subsystem,0.0
plan_forecast_mw,0.0
